commentaire,sentiment,sentiment_predit,score_sentiment
5  √©toiles  !  Installation  facile  et  fonctionne  parfaitement,positif,neutre,0.0
5 √©toiles ! Installation facile et fonctionne parfaitement,positif,neutre,0.0
D√©cevant... J'attendais mieux pour ce prix üò§ http://example.com,negatif,negatif,-0.2
Satisfait mais sans plus. Prix un peu √©lev√© #soldes,neutre,positif,0.25
"Produit de qualit√©, livraison en 24h. Que demander de plus ?",positif,neutre,0.0
Attention  FAKE  !  Ce  n'est  pas  le  produit  original,negatif,negatif,-0.3333333333333333
Probl√®me  d√®s  la  premi√®re  utilisation.  SAV  injoignable,negatif,negatif,-0.14285714285714285
"Produit correct, sans plus. Fait le job",neutre,neutre,0.0
"√áa va, conforme mais rien d'exceptionnel www.techshop.fr/promo #soldes",neutre,positif,0.2
Probl√®me  d√®s  la  premi√®re  utilisation.  SAV  injoignable  #promo,negatif,negatif,-0.14285714285714285
Nickel ! Conforme √† la description et arriv√© rapidement,positif,positif,0.3333333333333333
Nul  !  Tomb√©  en  panne  apr√®s  2  semaines...  Je  d√©conseille  #hightech,negatif,negatif,-0.2222222222222222
TOP ! Correspond parfaitement √† mes attentes üòä #tech,positif,positif,0.3333333333333333
J'ADORE !!! Exactement ce que je cherchais. Merci TechShop (383‚Ç¨),positif,neutre,0.0
D√©√ßu... Le produit ne correspond pas du tout √† la description üòû (196‚Ç¨),negatif,negatif,-0.1111111111111111
Bof bof... Qualit√© moyenne et prix trop √©lev√© http://example.com,negatif,neutre,0.0
Super produit !!! Je le recommande √† 100% üëç,positif,positif,0.3333333333333333
Livraison en retard et produit d√©fectueux. Service client inexistant,negatif,negatif,-0.25
Probl√®me d√®s la premi√®re utilisation. SAV injoignable #hightech,negatif,negatif,-0.14285714285714285
Super produit !!! Je le recommande √† 100% üëç,positif,positif,0.3333333333333333
